[
    {
        "note": "用户1",
        "room": "第八阅览室北区",
        "seat_num": "184",
        "times": [
            {
                "begin": "9", "end": "22",
                "username": "201830121543",
                "password": "zzq1162483436"
            }
        ]
    },
    {
        "note": "用户2",
        "room": "第八阅览室北区",
        "seat_num": "187",
        "times": [
            {
                "begin": "9", "end": "22",
                "username": "201931602053",
                "password": "58776511she"
            }
        ]
    },
    {
        "note": "用户3",
        "room": "第八阅览室北区",
        "seat_num": "188",
        "times": [
            {
                "begin": "9", "end": "22",
                "username": "201830121021",
                "password": "186259"
            }
        ]
    },
    {
        "note": "用户4",
        "room": "第八阅览室北区",
        "seat_num": "186",
        "times": [
            {
                "begin": "9", "end": "22",
                "username": "201830121502",
                "password": "230511"
            }
        ]
    },{
        "note": "用户5",
        "room": "第八阅览室北区",
        "seat_num": "184",
        "times": [
            {
                "begin": "9", "end": "22",
                "username": "201830121201",
                "password": "282126"
            }
        ]
    }
]